Query,Latitude,Longitude,TextExcerpt,URL
"Bohmstraße, Vogelsdorf, Märkisch-Oderland",52.505046578980036,13.745577166933131,"Am frühen Morgen des 09.03.2025 wandte sich ein Mann an die Polizei, nachdem er mitbekommen hatte, wie mehrere Personen durch die Ortschaft zogen und zu der Musik von „L´Amour Toujours“ volksverhetzende Parolen brüllten. In der Bohmstraße trafen Polizisten dann auf eine zwölfköpfige Personengruppe, gegen die sich nun der Verdacht richtet, mit dem Geschehen in Verbindung zu stehen. Ob es tatsächlich so war, muss jetzt der Polizeiliche Staatsschutz herausbekommen.",https://polizei.brandenburg.de/pressemeldung/ein-fall-fuer-den-polizeilichen-staatssc/5486325
"Lindenallee, Dahlwitz-Hoppegarten, Märkisch-Oderland",52.511415728465565,13.66131801929325,"Am Abend des 08.03.2025 wurde im Bereich der Bahnunterführung Lindenallee ein meterhohes Hakenkreuz entdeckt. Wer es dort hingeschmiert hatte, wird nun vom Polizeilichen Staatsschutz der Direktion Ost ermittelt.",https://polizei.brandenburg.de/pressemeldung/der-staatsschutz-ermittelt/5486316
"Hellersdorfer Weg, Ahrensfelde, Barnim",52.54879071003449,13.593324820753207,"Wie der Polizei am 08.03.2025 angezeigt wurde, haben noch Unbekannte auf dem Fußgängerweg im Hellersdorfer Weg ein Hakenkreuz geschmiert. Jetzt wird ermittelt, wer sich da betätigte und welche Motivation diejenigen hatten.",https://polizei.brandenburg.de/pressemeldung/hakenkreuz-geschmiert/5486210
"Bootsweg, Schwedt/Oder, Uckermark",53.05156288339012,14.280726098629222,"Am 06.03.2025 wurden im Bereich des Bootsweges mehrere Hakenkreuze entdeckt, die noch Unbekannte dorthin geschmiert hatten. Das zuständige Ordnungsamt kümmerte sich um die Beseitigung der Hinterlassenschaften und der Polizeiliche Staatsschutz ermittelt zu den Schmierfinken. Dabei wird die Motivation derjenigen eine Rolle spielen.",https://polizei.brandenburg.de/pressemeldung/hakenkreuze-geschmiert/5480605
"Potsdamer Straße, Ludwigsfelde, Teltow-Fläming",52.299988150000004,13.2616479,"Zeugen haben die Polizei am Donnerstagabend darüber informiert, dass ein Mann auf einem Parkplatz verfassungswidrige Parolen geäußert und mehrfach den Hitlergruß gezeigt habe. Polizeibeamte begaben sich vor Ort und konnten dort den Tatverdächtigen feststellen. Auch im Beisein der Beamten tätigte der 31-Jährige eine verfassungswidrige Äußerung, zudem warf er Flaschen gegen die Fassade eines Supermarktes, an dem Sachschaden entstand.
Ein Atemalkoholtest ergab bei dem Mann einen Wert von 2,09 Promille. Die Polizei hat entsprechend Strafanzeige aufgenommen und einen Platzverweis ausgesprochen. Die weiteren Ermittlungen führt die Kriminalpolizei.
Donnerstag, 06.03.2025, 21:08 Uhr",https://polizei.brandenburg.de/pressemeldung/verfassungswidrige-parolen-geaeussert/5480296
"Kriemhildstraße, Bernau b. Berlin, Barnim",52.6753854,13.5919415,"Am Nachmittag des 03.03.2025 wurden Polizisten in die Kriemhildstraße gerufen. Noch unbekannte Graffitischmierer hatten dort an einem Trafohäuschen ein Hakenkreuz hinterlassen. Wer diejenigen waren und welche Motivation sie hatten, ermittelt nun der Polizeiliche Staatsschutz der Direktion Ost.",https://polizei.brandenburg.de/pressemeldung/hakenkreuz-geschmiert/5473139
"Kriemhildstraße, Bernau b. Berlin, Barnim",52.6753854,13.5919415,"Am Nachmittag des 03.03.2025 wurden Polizisten in die Kriemhildstraße gerufen. Noch unbekannte Graffitischmierer hatten dort an einem Trafohäuschen ein Hakenkreuz hinterlassen. Wer diejenigen waren und welche Motivation sie hatten, ermittelt nun der Polizeiliche Staatsschutz der Direktion Ost.",https://polizei.brandenburg.de/pressemeldung/hakenkreuz-geschmiert/5473140
"Kniebusch, Schwedt/Oder, Uckermark",53.06405328793575,14.290745303257633,"Wie der Polizei am 03.03.2025 angezeigt wurde, haben sich noch Unbekannte an der Wand einer Garage Am Kniebusch zu schaffen gemacht. So hinterließen sie u.a. ein Hakenkreuz, was die Kriminalpolizei nun zum Vorwurf des Verwendens von Kennzeichen verfassungswidriger Organisationen ermitteln lässt. Dabei wird es auch um die Motivation der Täter gehen.",https://polizei.brandenburg.de/pressemeldung/graffiti-geschmiert/5473094
"Eisenbahnstraße, Eberswalde, Barnim",52.834059041458566,13.813240457086074,"Am frühen Morgen des 02.03.2025 stieß eine Funkwagenbesatzung während ihrer Streife in der Eisenbahnstraße auf einen Mann, der mittig der Fahrbahn saß. Der 29-jährige Deutsche hatte einen Atemalkoholwert von 1,83 Promille aufzuweisen. Zeugen gaben zudem an, dass er mehrfach den sogenannten „Hitlergruß“ gezeigt habe. Das Ganze ist nun eine Angelegenheit für die Kriminalpolizei.",https://polizei.brandenburg.de/pressemeldung/ermittlungen-eingeleitet/5470310
"Thierbacher Straße, Cottbus, District",51.7512991,14.3223077,"Donnerstagnachmittag wurden der Polizei Sachbeschädigungen an einem Gebäude an der Thierbacher Straße gemeldet. Ein Mann war dabei beobachtet worden, wie er mehrere an einer Außentreppe angebrachte Regenbogenfahnen abgerissen und beschädigt hatte.
Der Tatverdächtige konnte durch die Polizei nicht mehr festgestellt werden. Da auch ein homophober Hintergrund geprüft wird, hat der polizeiliche Staatsschutz die weiteren Ermittlungen übernommen.",https://polizei.brandenburg.de/pressemeldung/regenbogenfahnen-beschaedigt/5465427
"Dammweg, Schwedt/Oder, Uckermark",53.06832959784442,14.26044952722815,"Polizisten waren am 25.02.2025 gegen 11:35 Uhr im Dammweg gefragt. Eine 16-Jährige hatte dort im Rahmen eines Termins beim Jugendamt eine verbale Auseinandersetzung mit ihrem Vater und dessen Lebensabschnittsgefährtin. Im Rahmen dieses Streites beleidigte und bedrohte die 16-Jährige ihr Gegenüber. Außerdem beschädigte sie das Mobiliar am Ort des Geschehens sowie den Pkw der Lebensabschnittsgefährtin ihres Vaters. In ihrer Rage versuchte die 16-Jährige auf ihre Stiefmutter einzuschlagen. Diese erwehrte sich dagegen wodurch die 16-Jährige leicht verletzt wurde. Auch ihr Vater verteidigte sich gegen seine Tochter, wodurch sie ebenso leichte Verletzungen davon trug. Kurz nachdem sie das Feld geräumt hatte, konnten Polizisten sich ihrer annehmen. Diesen entgegnete sie mit volksverhetzenden Sprüche und Beleidigungen. Die Beamten machten die Jugendliche dingfest und verbrachten sie zu einer Jugendeinrichtung. Die Uniformierten fertigten Strafanzeige gegen die 16-Jährige.",https://polizei.brandenburg.de/pressemeldung/ausser-sich/5460402
"Schlaatz, Binsenhof, Potsdam",52.4009309,13.0591397,"Die Polizei ist am Dienstagabend in den Schlaatz gerufen worden, weil es dort zu einer Auseinandersetzung zwischen mehreren Personen gekommen sein soll. Nach derzeitigem Kenntnisstand hielten sich dort mehrere Jugendliche im Alter zwischen 16 und 18 Jahren auf. Eine 38-jährige Frau sei dann mit ihrem Hund auf die Gruppe getroffen. Als die Jugendlichen das Bellen des Tiers nachgeäfft hätten, habe die Frau die Jugendlichen ausländerfeindlich beleidigt. Als ein 18-Jähriger versucht haben soll, den Streit zu schlichten, soll die Frau versucht haben, den Heranwachsenden zu schlagen. Verletzt wurde niemand. Es wurde eine Anzeige wegen versuchter Körperverletzung in Verbindung mit Bedrohung aufgenommen. Der Staatsschutz ermittelt.",https://polizei.brandenburg.de/pressemeldung/frau-beleidigt-jugendliche-und-attackier/5459737
"Weinbergstraße, Lauscha, Saxony",51.4977774,13.7400618,"Sämtliche Klischees erfüllt haben vermeintliche Fußballfans in der Weinbergstraße. Auf einem Parkplatz wurden hier in der Nacht zum Dienstag gleich vier Fahrzeuge beschmiert. Neben Fanbekundungen zu einem Lausitzer Drittligisten fanden sich Schmähsprüche zu einem Ligakonkurrenten aus Sachsen.
„Garniert“ wurde das Ganze durch Hakenkreuze, so dass nun auch der polizeiliche Staatsschutz ermittelt. Die Beseitigung der Schäden wird mehrere tausend Euro kosten.",https://polizei.brandenburg.de/pressemeldung/mehrere-fahrzeuge-beschmiert/5457626
"Louis-Harlan-Straße, Schwedt/Oder, Uckermark",53.056888427200896,14.284501270661954,"In der Louis-Harlan-Straße machten sich Unbekannte mittels Graffiti an der Grundstücksmauer eines Gotteshauses zu schaffen. Seit dem 23.02.2025 gegen 14:45 Uhr ermitteln nun die Polizei, da nicht nur schätzungsweise 100 Euro verursacht wurden, sondern auch, weil das Abgebildete ein Hakenkreuze in den Maßen 50cm x 55cm darstellte. Nach Dokumentation des Ganzen wurde die verfassungsfeindliche Symbolik unkenntlich gemacht.",https://polizei.brandenburg.de/pressemeldung/graffiti-hinterlaesst-schaeden/5455139
"Prenzlauer Umland, Uckermark",53.24526305,13.915135050326025,"Der Polizeiliche Staatsschutz ermittelt seit dem 23.02.2025 wegen des Verwendens von Kennzeichen verfassungswidriger Organisationen. Grund hierfür sind in drei Fällen auf die Fahrbahn der  L254 aufgebrachte Schmierereien, die Hakenkreuze und SS-Runen abbilden. Auch die Fahrbahn der L15 wurde beschmiert. Polizisten dokumentierten das Ganze und veranlassten dann die Unkenntlichmachung dessen.",https://polizei.brandenburg.de/pressemeldung/verfassungsfeindliche-symbolik/5455135
"Herrmannswerder, Potsdam",52.4009309,13.0591397,"Unbekannte Täter sprühten im Verlauf des Sonntags insgesamt 15 Symbole und Schriftzüge an die Fassade einer Schule in Herrmannswerder. Bei den Zeichen handelte es sich unter anderem um verfassungsfeindliche Symbole, die einen politischen Hintergrund vermuten lassen. Es entstand ein Schaden im vierstelligen Bereich. Die weiteren Ermittlungen führt der polizeiliche Staatsschutz.",https://polizei.brandenburg.de/pressemeldung/hakenkreuz-schmierereien-an-schulgebaeud/5454844
"Bahnhofsvorplatz, Angermünde, Uckermark",53.017276,13.9981503,"Ein Zeuge rief am 21.02.2025 gegen 07:45 Uhr die Polizei zum Bahnhofsvorplatz zu einem dortigen Bussteig. Bislang Unbekannte haben hier auf eine Hinweistafel einen Schriftzug aufgebracht, der den Anfangsverdacht des Verwendens von Kennzeichen verfassungswidriger Organisationen begründet. Polizisten dokumentierten das Gesehene und veranlassten die sofortige Entfernung. Nun ermittelt der polizeiliche Staatsschutz in der Sache.",https://polizei.brandenburg.de/pressemeldung/bushaltestelle-beschmiert/5450569
"Sandow, Cottbus, District",51.7512991,14.3223077,"Am Freitag rief ein Mann gegen 01:20 Uhr die Polizei in den Stadtteil Sandow. Der ghanaische Staatsangehörige gab an, zuvor von zwei Männer verfolgt worden zu sein, nachdem er aus einem Bus ausgestiegen war. Die beiden Angreifer haben demnach auch eine Glasflasche nach dem 27-Jährigen geworfen, ohne ihn zu treffen. Der Geschädigte konnte sich unverletzt in ein Mehrfamilienhaus flüchten und den Notruf wählen. Im Rahmen der umgehend eingeleiteten Fahndungsmaßnahmen konnten keine tatverdächtigen Personen mehr festgestellt werden. Die weiteren Ermittlungen hat der für politisch-motivierte Straftaten zuständige polizeiliche Staatsschutz übernommen.",https://polizei.brandenburg.de/pressemeldung/mann-verfolgt-und-mit-einer-flasche-bewo/5450080
"Wiesengrund, Eisenhüttenstadt, Oder-Spree",52.129909999999995,14.668477054284562,"Ein Zeuge rief am 18.02.2025 die Polizei gegen 19:00 Uhr in einen Verbrauchermarkt Am Wiesengrund. Der Zeuge hatte einen 49-jährigen Georgier dabei beobachtet wie er den Kassenbereich verlassen hatte, ohne dabei zuvor aus der Auslage entnommene Alkoholika sowie ein Telefon im Gesamtwert von ca. 77 Euro bezahlt zu haben. Polizisten kamen zum Einsatz um die Identität des Mannes zweifelsfrei zu klären und Strafanzeige gegen ihn zu fertigen. Nun wird sich der 49-Jährige bei der Kriminalpolizei zu erklären haben.",https://polizei.brandenburg.de/pressemeldung/mutmasslichen-ladendieb-gestellt/5445489
"Bornstedt, Potsdam, District",52.4092888,13.0302746,"Ein Verantwortlicher eines Schulgeländes teilte der Polizei am Morgen mit, dass auf einem Zaun ein Graffiti angebracht wurde. Der mehrere Quadratmeter lange Schriftzug lässt ein politisches Motiv nicht ausschließen. Der Schaden wurde auf mehrere hundert Euro geschätzt. Durch die Polizei wurden eine Anzeige wegen Sachbeschädigung aufgenommen und Spuren gesichert. Die weiteren Ermittlungen führt der polizeiliche Staatsschutz.",https://polizei.brandenburg.de/pressemeldung/graffiti-an-schulgelaende/5445467
"Leibnitzstraße, Eberswalde, Barnim",52.8350807,13.7996542,"Auf dem Parkplatz eines Lebensmitteldiscounters in der Leibnitzstraße ist ein 33-Jähriger in den Nachmittagsstunden des 17.02.2025 von einem Unbekannten angesprochen worden. In der Folge soll der Unbekannte den 33-jährigen Syrer aufgefordert haben sich zu verpissen. Es entwickelte sich ein Streitgespräch zwischen den beiden Männern an dessen Ende der Unbekannte zunächst mit einer Bierflasche nach dem 33-Jährigen geschlagen und diese anschließend auch nach ihm geworfen haben soll. Polizisten konnten den Tatverdächtigen nicht mehr vor Ort oder im näheren Umfeld antreffen, aber es gelang Ihnen Hinweise auf den Tatverdächtigen zu erlangen, denen die Kriminalpolizei nun nachgehen wird.",https://polizei.brandenburg.de/pressemeldung/ermittlungen-eingeleitet/5443103
"Waldrand, Eisenhüttenstadt, Oder-Spree",52.13143609119603,14.63350218701212,Eine Zeugin meldete am 17.02.2025 gegen 12:40 Uhr der Polizei eine Schlägerei Am Waldrand. Drei Personen hätten hier unvermittelt und auf einen Heranwachsenden eingeschlagen und eingetreten. Als er am Boden lag hätten die Personen weiter auf ihr Gegenüber eingewirkt. Der 18-jährige Syrer wurde mit leichten Verletzungen von Rettungskräften in ein Krankenhaus gebracht. Die Polizei hat nun Ermittlungen wegen des Verdachts der gefährlichen Körperverletzung aufgenommen.,https://polizei.brandenburg.de/pressemeldung/ermittlungen-nach-gewaltdelikt-eingeleit/5440842
"Gerhard-Neumann-Straße, Frankfurt (Oder), Oder",52.28829720264308,14.469837711026202,Am frühen Abend des 12.02.2025 erschien trotz bereits bestehenden Hausverbotes ein Mann in einem Discounter in der Gerhard-Neumann-Straße. Dort nahm er Backwaren aus der Auslage und verzehrte das Ganze noch in den Geschäftsräumen. Bezahlen wollte der 27-jährige Sudanese dafür nicht. So fand er sich alsbald in Handfesseln und dann im polizeilichen Gewahrsam wieder. Eine Anzeige wegen Ladendiebstahls und Hausfriedensbruches gab es obendrein.,https://polizei.brandenburg.de/pressemeldung/trotz-hausverbotes-unbelehrbar-gezeigt/5434740
"Badstraße, Strausberg, Märkisch-Oderland",52.58501407169222,13.883404810899586,"Wie der Polizei am 12.02.2025 angezeigt wurde, haben noch Unbekannte auf der Fahrbahn der Badstraße ein Hakenkreuz und mehrere Schriftzeichen hinterlassen. Wer sich da betätigte und welche Motivation diejenigen hatten, ermittelt nun die Kriminalpolizei.",https://polizei.brandenburg.de/pressemeldung/graffiti-geschmiert/5434739
"Straße der Jugend, Schwedt/Oder, Uckermark",53.06977655805826,14.290084903752687,"Am frühen Morgen des 13.02.2025 waren Polizisten auf ihrer Streife auch in einer Gartenanlage an der Straße der Jugend unterwegs und entdeckten dort auf einem augenscheinlich eigentlich leerstehenden Grundstück einen Mann, der sich als wohnungsloser Deutscher erwies und vom Amtsgericht Schwedt/Oder bereits mit Haftbefehl gesucht wurde. Der 42-Jährige ist schon hinreichend bekannt, wobei auch Eigentumsdelikte zu seinem Portfolio gehören. Nun klickten Handfesseln und der Delinquent wird im Laufe des Tages beim Amtsgericht vorgeführt.",https://polizei.brandenburg.de/pressemeldung/bereits-mit-haftbefehl-gesucht-/5434704
"Kunow, Schwedt/Oder, Uckermark",53.1375785,14.2564538,"Wie der Polizei jetzt bekannt wurde, haben noch Unbekannte das Gemeindehaus im Ortsteil Kunow mit Graffiti beschmiert. Da die Hinterlassenschaften auch Schmähungen gegen die Parteien SPD und Bündnis 90/Die Grünen enthielten, ermittelt nun die Kriminalpolizei nicht nur zur Identität der Schmierfinken, sondern auch zu deren Motivation.",https://polizei.brandenburg.de/pressemeldung/gemeindehaus-beschmiertgemeindehaus-besc/5434703
"Karl-Marx-Straße, Eisenhüttenstadt, Oder-Spree",52.144598494735924,14.634861743266628,"Am Vormittag des 10.02.2025 betrat ein junger Mann einen Discounter in der Karl-Marx-Straße und begann ohne großes Zögern, seinen Rucksack mit Waren zu befüllen. Anschließend wollte er verschwinden, hatte das Ganze aber gar nicht bezahlt. Daraufhin sprach ihn eine Mitarbeiterin an, die von dem Dieb nun jedoch mit Münzgeld beworfen und verbal angegangen wurde. Erste Ermittlungen ließen einen bereits hinlänglich bekannten Deutschen als Tatverdächtigen in den Fokus der Polizei rücken. Der 25-Jährige hatte Bier und Lebensmittel mitgehen lassen und wird sich nun wegen räuberischen Diebstahls verantworten müssen.",https://polizei.brandenburg.de/pressemeldung/raeuber-wurde-auch-noch-ausfaellig/5429987
"Weißenseer Straße, Bernau b. Berlin, Barnim",52.6753854,13.5919415,"Am frühen Morgen des 09.02.2025 gerieten in einer Wohnung in der Weißenseer Straße ein 35-jähriger Ukrainer und ein 39 Jahre alter Usbeke aneinander. Dabei schlug der erheblich alkoholisierte Ukrainer seinen Kontrahenten zu Boden und trat dann auch noch mit Füßen auf ihn ein. Bei dem Schläger wurde ein Atemalkoholwert von 2,16 Promille gemessen. Rettungskräfte kümmerten sich um die Verletzungen des 39-Jährigen und nun ermittelt die Kriminalpolizei zum genauen Ablauf der Geschehnisse.",https://polizei.brandenburg.de/pressemeldung/zugeschlagen-und-getreten/5425821
"Paul-Gloede-Straße, Prenzlau, Uckermark",53.30860726105299,13.866552187539506,"Am frühen Morgen des 09.02.2025 wurden Polizisten zur Paul-Gloede-Straße gerufen. Dort waren ersten Angaben zufolge mehrere Personen aneinandergeraten und hatte ein Mann dabei auch eine Naziparole von sich gegeben. Der offensichtlich Angetrunkene fiel anschließend um und zog sich eine Gesichtsverletzung zu. Rettungskräfte brachten ihn dann in ein Krankenhaus, wo ein Atemalkoholwert von 2,25 Promille gemessen wurde. Gegen den 47-jährigen Prenzlauer wird nun ein Ermittlungsverfahren geführt. In dem Zusammenhang ist zudem zu klären, was an dem Morgen eigentlich genau geschah.",https://polizei.brandenburg.de/pressemeldung/ermittlungen-eingeleitet/5425704
"Prötzeler Chaussee, Strausberg, Märkisch-Oderland",52.59259415867057,13.913225463684334,"Am frühen Morgen des 07.02.2025 bemerkte ein aufmerksamer Zeuge, wie ein Mann sich an einem Snackautomaten in der Prötzeler Chaussee zu schaffen machte. Er warf dessen Glasscheibe ein und tat sich an den Waren gütlich. Alarmierte Polizisten konnten den dreisten Dieb aber noch am Tatort stellen. Bei ihm handelte es sich um einen 22-jährigen Afghanen, der nicht zum ersten Mal mit Straftaten in Erscheinung getreten ist. Er wurde vorläufig festgenommen und sitzt Kriminalisten gegenüber.",https://polizei.brandenburg.de/pressemeldung/snackautomaten-demoliert/5420580
"Trebuser Straße, Fürstenwalde/Spree, Oder-Spree",52.384233527269416,14.050643760873859,"Am Nachmittag des 05.02.2025 fiel ein Mann auf, als er sich vor einem Einkaufsmarkt in der Trebuser Straße an dort abgestellten Fahrrädern zu schaffen machte. Offenbar hatten es ihm deren Beleuchtung angetan, die er abzubauen versuchte. Zeugen hielten den sichtlich alkoholisierten Dieb fest und alarmierten die Polizei. Die Beamten identifizierten den Delinquenten als bereits hinlänglich bekannten 51 Jahre alten Rumänen. Dieser hatte einen Atemalkoholwert von 3,27 Promille aufzuweisen und kam zur Verhinderung weiterer Straftaten in polizeilichen Gewahrsam. Zudem ist ein Ermittlungsverfahren mit dem Vorwurf des Diebstahls eingeleitet worden.",https://polizei.brandenburg.de/pressemeldung/in-gewahrsam-genommen/5418448
"Fustenwalde, Oder-Spree",52.3563759,14.0712328,"Am Vormittag des 05.02.2025 betrat ein offensichtlich betrunkener  Mann einen Discounter Am Markt. Als Mitarbeiter ihn des Marktes verweisen wollten, brüllte der noch Unbekannte plötzlich „Sieg Heil“ und machte die Geste einer Schneidbewegung am Hals. Dann verschwand der Pöbler.
Wenig später fiel er jedoch erneut auf, diesmal in der nahe gelegenen Rathauspassage. Nun hielt er sichtbar ein Klappmesser in der Hand und wurde von einem Passaten daraufhin beruhigend angesprochen. Nur wollte der Mann sich offensichtlich nicht beruhigen lassen. Vielmehr ging er den Passanten an und bedrohte ihn. Als eine Zeugin die Polizei alarmierte, verschwand der Wütende umgehend und konnte auch nicht mehr ausgemacht werden.
So wird jetzt erst einmal gegen Unbekannt ermittelt. Die Vorwürfe lauten auf Bedrohung und Verwendens von Kennzeichen verfassungswidriger Organisationen.",https://polizei.brandenburg.de/pressemeldung/ermittlungen-eingeleitet/5418447
"Luisenstraße, Frankfurt (Oder), Stadt",52.34623000351527,14.535433805921707,"Am Nachmittag des 01.02.2025 kam eine 38 Jahre alte Frau in der Luisenstraße auf eine Szenerie zu, die sie umgehend einschreiten ließ. Ein Mann und eine Frau stritten vor einem der Hausaufgänge. Die Zeugin nahm sich der Frau kurzentschlossen an und zog sie mit sich. Das missfiel dem Mann augenscheinlich so sehr, dass er einen waffenähnlichen Gegenstand aus dem Hosenbund zog und damit in Richtung der Frauen drohte. Danach verschwand er zwar, ohne dass die Lage weiter eskalierte, doch wurde nach Bekanntwerden des Sachverhaltes natürlich trotzdem nach ihm gesucht. Tatsächlich konnten Bereitschaftspolizisten ihn wenig später in der Gubener Straße ausmachen und einmal genauer besehen. So kamen zwei Einhandmesser sowie eine Schreckschusswaffe zum Vorschein. Da der bereits hinlänglich bekannte und in Deutschland wohnungslose Pole es nicht lassen konnte, die Beamten zu beleidigen und ebenfalls zu bedrohen, kommt dies auf die Liste der Vorwürfe noch hinzu. Die Waffen musste er abgeben.",https://polizei.brandenburg.de/pressemeldung/fahndung-war-erfolgreich/5410880
"Weberstraße, Zepernick, Panketal",52.6578055090743,13.558509570460611,"Am Abend des 31.01.2025 wurden Polizisten nach Zepernick gerufen, nachdem Anwohner in der dortigen Weberstraße drei Gestalten wahrgenommen hatten, die offensichtlich gerade dabei waren, Grundstücke für spätere Einbruchstouren auszuspähen. Das Trio konnte wenig später ausgemacht und festgehalten werden. Tatsächlich führten sie Einbruchswerkzeuge mit sich und woher sie den Damenschmuck hatten, der sich bei ihnen fand, wollte keiner von ihnen näher kommentieren. Das ist nun Sache der Kriminalpolizei, die auch den dazugehörigen Tatort herausfinden muss.
Bei allen Delinquenten handelte es sich um Albaner um die 30 Jahre. An dem Ältesten von ihnen, einem 33-Jährigen, zeigte die Berliner Justiz bereits lebhaftes Interesse und hatte ihn zur Festnahme ausgeschrieben. Er ist mit Einbruchsdelikten bekannt geworden und wird nun erst einmal in eine Justizvollzugsanstalt einziehen.",https://polizei.brandenburg.de/pressemeldung/einer-wurde-sogar-schon-gesucht-/5410820
"Goethestraße, Nauen, Havelland",52.60671893463793,12.875304691834728,"Im Rahmen ihrer Streifenfahrt bemerkten Nauener Polizisten an einem Spätkauf in der Nauener Innenstadt vier Männer (18-35 Jahre), die sich gegenseitig beleidigten und in weiterer Folge körperlich angriffen. Die Beamten schritten umgehend ein und konnten den Angriff auch sofort beenden. Obwohl der Anwesenheit der Beamten beleidigten sich die augenscheinlich stark alkoholisierten Männer fortwährend, teils auch mit volksverhetzendem Inhalts. Während einer der Männer durch die Auseinandersetzung an Hand und Kopf verletzt wurde, stolperte der andere fiel zu Boden und erlitt dadurch eine Kopfplatzwunde. Hinzugezogene Rettungskräfte kümmerten sich wenig später um die beiden und brachten einen für weitere Behandlungen in ein umliegendes Krankenhaus. Die Polizei hat Strafanzeigen wegen Körperverletzungsdelikten und Volksverhetzung aufgenommen und Ermittlungen eingeleitet.",https://polizei.brandenburg.de/pressemeldung/gefaehrliche-koerperverletzung/5498063
"Brandstraße, Beeskow, District",52.1721569,14.2471058,"Wie der Polizei jetzt bekannt wurde, haben noch Unbekannte an einer Mauer in der Brandstraße einen antisemitischen Schriftzug hinterlassen. Dessen Beseitigung ist umgehend veranlasst worden. Um wen es sich bei den Tätern handelte und welche Motivation diejenigen hatten, ermittelt nun der Polizeiliche Staatsschutz der Direktion Ost.",https://polizei.brandenburg.de/pressemeldung/der-polizeiliche-staatsschutz-ermittelt/5498004
"Bahnhofstraße, Finsterwalde, Elbe-Elster",51.636140205707974,13.709215763423034,"Donnerstagmorgen wurden der Polizei mit Farbe besprühte Autos in der Bahnhofstraße gemeldet. Die eingesetzten Beamten bemerkten, dass entlang der Bahnhofstraße weitere Objekte mit der gleichen Farbe beschmiert worden waren.
Auf einem Stromkasten wurde ein Hakenkreuz festgestellt. Die Beamten sicherten die Spuren und übergaben die Ermittlungen dem Staatschutz.",https://polizei.brandenburg.de/pressemeldung/schmierereien-in-der-innenstadt/5495491
"Zinndorfer Weg, Rehfelde, Märkisch-Oderland",52.50131548036287,13.90560448149789,"Wie der Polizei am 12.03.2025 bekannt wurde, haben noch Unbekannte an einer Mauer im Zinndorfer Weg mehrere meterhohe Hakenkreuze geschmiert. Wer sich da betätigte und welche Motivation diejenigen hatten, ermittelt nun der Polizeiliche Staatsschutz der Direktion Ost.",https://polizei.brandenburg.de/pressemeldung/hakenkreuze-geschmiert/5494659
"Bahnhofstrasse, Bernau, Barnim",52.67795966138084,13.592997502601312,"Am Nachmittag des 12.03.2025 trafen am Bahnhof ein 21-jähriger Deutscher und ein 20 Jahre alter Syrer aufeinander. Aus noch ungeklärter Ursache kam es dann zu einem Streitgespräch, in dessen Verlauf der Syrer dem Deutschen mehrfach die Faust ins Gesicht schlug. Der Geschädigte musste später auch von Rettungskräften medizinisch versorgt werden. Was an diesem Tag die Gemüter derart erhitzte, ermittelt nun die Kriminalpolizei. Beide Beteiligte kannten sich und sind für die Polizei auch keine unbeschriebenen Blätter.",https://polizei.brandenburg.de/pressemeldung/zugeschlagen/5494650
"Frankfurter Straße, Seelow, Märkisch-Oderland",52.528428898465386,14.384102718369817,"Einsatzkräfte der Polizei befanden sich am späten Abend des 01.04.2025 auf Streifenfahrt und entdeckten gegen 22:50 Uhr in der Frankfurter Straße einen Mann, der ihnen den sog. „Hitlergruß“ darbot. Sie griffen sich den 27-jährigen Deutschen, den nun ein Ermittlungsverfahren erwartet.",https://polizei.brandenburg.de/pressemeldung/so-nicht-/5539615
"Karl-Marx-Straße, Eisenhüttenstadt, Oder-Spree",52.144598494735924,14.634861743266628,"Am Vormittag des 01.04.2025 wurde in einem Discounter in der Karl-Marx-Straße ein Mann beim Ladendiebstahl ertappt. Er hatte sich an Lebensmitteln und Alkohol vergriffen und teilweise bereits daran gütlich getan. Wie sich herausstellte, hatte man es mit einem bereits hinlänglich bekannten 25-jährigen Deutschen zu tun, der dann hinzukommende Polizisten nicht nur beleidigte, sondern auch noch nach den Uniformierten trat. Verletzt wurde dabei niemand und der Delinquent fand sich auch schnell am Boden und in Handfesseln wieder. Zur Verhinderung weiterer Straftaten kam er in polizeilichen Gewahrsam. Jetzt ermittelt die Kriminalpolizei gegen ihn. Die Vorwürfe lauten auf Widerstand gegen Vollstreckungsbeamte sowie Beleidigung.",https://polizei.brandenburg.de/pressemeldung/auch-noch-aggressiv-geworden/5538319
"Bahnhofstraße, Fürstenwalde, Oder-Spree",52.34186348755956,14.07588188490673,"Am frühen Morgen des 01.04.2025 wurden Polizisten in den Bereich rund um den Bahnhof gerufen. Dort sollten mehrere Männer aneinander geraten sein und es bei dem Geschehen auch Verletzte gegeben haben.
Nach ersten Erkenntnissen waren die Personen in einem Verbrauchermarkt Am Bahnhof aufeinandergetroffen. Aus noch ungeklärter Ursache gerieten sie in einen Streit, was letztlich zu einer handfesten Auseinandersetzung zweier 43 und 45 Jahre alter Brüder mit einem 20-Jährigen führte. Dabei soll der Jüngste im Bunde Pfefferspray versprüht haben. Bei allen drei Männern handelte es sich um syrische Staatsbürger. Sie wurden im nahen Umfeld angetroffen und ihre Personalien bekannt gemacht. Während die beiden Brüder eine medizinische Behandlung ablehnten, musste bei dem 20-Jährigen eine Schnittverletzung an der Hand versorgt werden. Wie er sich diese zugezogen hat und ob weitere Personen eine Rolle spielten, wird gegenwärtig geprüft. Zeugenhinweise lassen auf eine größere Personengruppe schließen, deren Beteiligung aber noch ungeklärt ist.",https://polizei.brandenburg.de/pressemeldung/ermittlungen-zum-verdacht-der-gefaehrlic/5538313
"Wilhelmstraße, Eberswalde, Barnim",52.836466698598215,13.808308553152358,"Am frühen Abend des 31.03.2025 gerieten im Eingangsbereich eines Supermarktes in der Wilhelmstraße zwei Männer aneinander. Bevor die Sache eskalierte, verwies der zuständige Sicherheitsdienst die beiden Streithähne des Objektes. Einer schwang sich dann auch auf sein Fahrrad und fuhr davon. Sein Kontrahent begab sich jedoch in den Markt zurück, wo er begann, eine Kundin und eine Mitarbeiterin zu beschimpfen und zu beleidigen. Nunmehr alarmierte Polizisten nahmen entsprechende Anzeigen auf und wieder wurde der Delinquent des Feldes verwiesen.
Rund eine Stunde später kam die Kunde, dass ein Mann am Marktplatz Teilnehmer einer Versammlung beleidigen würde und auch noch den sog. „Hitlergruß“ gezeigt habe. Wie sich herausstellte, handelte es sich bei der Person um denselben Mann, der bereits in der Wilhelmstraße unangenehm aufgefallen war.
Der bereits hinlänglich bekannte 44-jährige Deutsche hatte zu diesem Zeitpunkt einen Atemalkoholwert von 1,06 Promille aufzuweisen. Zudem räumte er ein, Betäubungsmittel zu sich genommen zu haben. Die kommenden Stunden verbrachte der Delinquent dann im polizeilichen Gewahrsam. Ihn erwarten nun Ermittlungen der Kriminalpolizei.",https://polizei.brandenburg.de/pressemeldung/ausfaellig-geworden/5538306
"Bernau, Barnim,",52.6787254,13.5881114,"In der Mittagszeit des 29.03.2025 machte eine Familie eine unliebsame Begegnung. Das Trio war vom Bahnhof in Richtung Innenstadt gelaufen, als plötzlich ein Mann eine Zigarette gegen den Kopf der 34-jährigen Frau warf. Auch als sich der 36-jährige Ehemann der Geschädigten als Polizeibeamter auswies, ließ der bis dahin Unbekannte nicht ab, sondern wollte auf dem ihm Gegenüberstehenden einschlagen. Daraufhin fand er sich schnell am Boden wieder und alarmierte Kollegen konnten sich des Wütenden annehmen. So kam heraus, dass man es mit einem 26-jährigen Libyer zu tun hatte, welcher der Polizei nicht unbekannt war. Er wird sich nun für sein Handeln auch verantworten müssen.",https://polizei.brandenburg.de/pressemeldung/wollte-sich-nicht-beruhigen-lassen/5535396
"Straße der Jugend, Schwedt/Oder, Uckermark",53.06977655805826,14.290084903752687,"Am Vormittag des 31.03.2025 wurden Polizisten in die Straße der Jugend gerufen. Noch Unbekannte hatten an einer dort gelegenen Schule Schmierereien hinterlassen. Darunter fanden sich zwei Hakenkreuze sowie antisemitische Schriftzüge. Wer sich da betätigte und welche Motivation diejenigen hatten, wird nun vom Polizeilichen Staatsschutz der Direktion Ost ergründet.",https://polizei.brandenburg.de/pressemeldung/schmierereien-haben-juristisches-nachspi/5535347
"Schorfheide, Barnim",52.9021805,13.5553279,,https://polizei.brandenburg.de/pressemeldung/zeugen-gesucht/5530621
"Robert-Koch-Straße, Beelitz, Potsdam-Mittelmark",52.24052617176719,12.962111206771311,"Im Rahmen der Streifentätigkeit stellten die eingesetzten Polizeibeamten Schmierereien auf einem Spielplatz fest. Unbekannte Täter brachten Schriftzüge mit verfassungswidriger Symbolik in einer Größe zwischen circa 25 cm bis 35 cm an dortige Spielgeräte fest.
Die eingesetzten Beamten nahmen eine Anzeige wegen des Verwendens von Kennzeichen verfassungswidriger Organisationen auf. Eine Entfernung der Schriftzüge wurde veranlasst.",https://polizei.brandenburg.de/pressemeldung/schmierereien-am-spielplatz/5527686
"Kastanienallee, Gartz, Uckermark",53.211633549999995,14.375223049999999,"Am Abend des 26.03.2025 bemerkten Bundespolizisten, wie zwei junge Männer auf dem Parkplatz eines Discounters in der Kastanienallee den Arm zum sog. „Hitlergruß“ hoben und dann auch noch lauthals eine Naziparole von sich gaben. Sie griffen sich die 14 und 16 Jahre alten Herren, die sich nun einem Ermittlungsverfahren zu stellen haben.",https://polizei.brandenburg.de/pressemeldung/bundespolizei-im-einsatz/5527057
"Schreyweg, Gartz/Oder, Uckermark",53.22248452127343,14.406423848420523,Ein Zeuge meldete der Polizei am späten Vormittag des 25.03.2025 mehrere Hakenkreuze im Bereich eines Rastplatzes im Schreyweg. Die Beamten dokumentierten das Ganze und veranlassten anschließend die Beseitigung der Graffitischmierereien. Nun ermittelt der Polizeiliche Staatsschutz in dem Fall.,https://polizei.brandenburg.de/pressemeldung/schmierereien/5525310
"Am Panke-Park, Berlin, Mitte",52.6753854,13.5919415,"Die Kriminalpolizei ermittelt seit dem Nachmittag des 24.03.2025 zu einem Geschehen, welches sich in der Straße Am Panke-Park zugetragen haben soll.
Demnach hatte ein Paketzusteller gegen 13:40 Uhr dort um Einlass in ein Mehrfamilienhaus ersucht. Dass erregte offensichtlich das Missfallen eines anderen Mannes, der umgehend den Paketzusteller attackierte. Auch stieß der Wütende den 38-jährigen Syrer zu Boden, wobei die Brille des Geschädigten zu Bruch ging. Alarmierte Polizisten griffen den Täter, der sich als 60 Jahre alter Deutscher herausstellte und bislang noch nie aufgefallen war. Jetzt wird gegen ihn zum Vorwurf der Körperverletzung ermittelt.",https://polizei.brandenburg.de/pressemeldung/geschlagen-und-zu-boden-gestossen/5522392
"Rudolf-Breitscheid-Straße, Cottbus, Brandenburg",51.75583944432464,14.329698485356971,"Am Montagnachmittag wurde der Polizei eine Sachbeschädigung an „Stolpersteinen“ in Cottbus angezeigt. Mittels schwarzer Farbe war ein Davidstern über sechs in der Rudolf-Breitscheid-Straße verlegte Stolpersteine gesprüht worden.
Die Reinigung wird die Stadt Cottbus beauftragen. Die Polizei hat ein Ermittlungsverfahren eingeleitet.",https://polizei.brandenburg.de/pressemeldung/stolpersteine-beschaedigt/5522109
"Kiefernweg, Jüterbog, Teltow-Fläming",52.00332915082902,13.072074726490309,"Ein Besitzer einer Garage bemerkte an einem Fallrohr ein mit schwarzer Farbe aufgesprühtes Hakenkreuz, welches ein verbotenes Kennzeichen verfassungswidriger Organisationen darstellt. Durch die Polizei wurde die Tat dokumentiert und eine Strafanzeige gegen Unbekannt gefertigt. Das Symbol wurde anschließend vom Besitzer der Garage entfernt.
21.03.2025 bis 22.03.2025, 17:30 Uhr",https://polizei.brandenburg.de/pressemeldung/hakenkreuzschmiererei/5518075
"Kiefernweg, Teltow-Fläming, Jüterbog",52.00332915082902,13.072074726490309,"Ein Besitzer einer Garage bemerkte an einem Fallrohr ein mit schwarzer Farbe aufgesprühtes Hakenkreuz, welches ein verbotenes Kennzeichen verfassungswidriger Organisationen darstellt. Durch die Polizei wurde die
Tat dokumentiert und eine Strafanzeige gegen Unbekannt gefertigt. Das Symbol wurde anschließend vom Besitzer der Garage entfernt.",https://polizei.brandenburg.de/pressemeldung/hakenkreuzschmiererei/5517332
"B168, Fürstenwalde, Oder-Spree",52.3580209,14.064985,Polizisten dokumentierten am 20.03.2025 gegen 18:30 Uhr auf der B168 zwischen Trebus und Fürstenwalde an einer Überführung aufgebrachte Hakenkreuze und eine rechte Parole. Weiterhin wurde die Beseitigung veranlasst. Nun ermittelt der Polizeiliche Staatsschutz zur Sache.,https://polizei.brandenburg.de/pressemeldung/rechte-schmierereien/5514612
"Panketal, Barnim,  District",52.6480137,13.5412361,"Ein 30-Jähriger meldete sich am 20.03.2025 nachmittags bei der Polizei.
Ein 54-Jähriger aus dem Arbeitsumfeld des 30-Jährigen habe diesen missbilligend aufgrund seiner Religion tituliert. Die Polizei hat ein Strafverfahren mit dem Vorhalt des Verdachts der Volksverhetzung gegen den 54-Jährigen eingeleitet. Mit dem Fall beschäftigen sich nun Kriminalisten der Polizeidirektion Ost.",https://polizei.brandenburg.de/pressemeldung/anfeindungen-sind-nun-ermittlungssache/5514246
"Leipziger Straße, Frankfurt (Oder), Brandenburg",52.338745076364795,14.539703385241854,"Am späten Abend des 18.03.2025 wurden Zeugen auf einen Mann aufmerksam, als dieser aus einem der Fenster einer Wohnung in der Leipziger Straße eine Naziparole brüllte. Alarmierte Polizisten fanden an der beschriebenen Adresse einen 38-jährigen Mann vor, der sich nun dem Vorwurf des Verwendens von Kennzeichen verfassungswidriger Organisationen stellen muss.",https://polizei.brandenburg.de/pressemeldung/naziparole-gebruellt/5508820
"Hauptstraße, Herzfelde, Märkisch-Oderland",52.48133982905362,13.861284394178046,"Der Polizeiliche Staatsschutz der Direktion Ost ermittelt seit dem Abend des 18.03.2025 zu einem Geschehen, welches sich in der Hauptstraße zugetragen haben soll.
Demnach war ein 29 Jahre alter indischer Staatsbürger dort gegen 19:20 Uhr auf einen noch Unbekannten getroffen, der ihn rassistisch anging und bedrohte und letztlich auch noch den sog. „Hitlergruß“ darbot.
Die Tatvorwürfe lauten auf Volksverhetzung, Verwenden von Kennzeichen verfassungswidriger Organisationen und Bedrohung.",https://polizei.brandenburg.de/pressemeldung/der-polizeiliche-staatsschutz-ermittelt/5508805
"Prokopiusstraße, Templin, Uckermark",53.117056505900365,13.5014746480143,"Am Abend des 18.03.2025 wurden Polizisten zum ZOB in der Prokopiusstraße gerufen. Dort sollte aus einer Gruppe junger Leute heraus eine Naziparole gerufen worden sein. Zwar ergriffen diejenigen bei Anblick der Beamten die Flucht, doch konnte dank sehr guter Personenbeschreibung ein bereits hinlänglich bekannter 19-Jähriger gestellt werden. Ob er tatsächlich für die Rufe zur Verantwortung zu ziehen ist, werden die weiteren Ermittlungen des Polizeilichen Staatsschutzes klären.",https://polizei.brandenburg.de/pressemeldung/ermittlungen-eingeleitet/5508460
"Fehrbelliner Straße, Rathenow, Havelland",52.6096941,12.34030845,"Freitagabend stellten Polizeibeamte auf einem Parkplatz eines Einkaufsmarktes eine Personengruppe fest, aus der heraus ein 21-jähriger Mann den „Hitlergruß“ zeigte.
Gegen den erheblich angetrunkenen Mann wurde ein Strafverfahren wegen Verwenden von Kennzeichen verfassungswidriger Organisationen nach § 86a des Strafgesetzbuches eingeleitet.
Freitag, 11.04.2025, 20:10 Uhr",https://polizei.brandenburg.de/pressemeldung/-hitlergruss-gezeigt/5561765
"Angermünder Straße, Eberswalde, Barnim",52.852523266931215,13.76719444317847,"Wie der Polizei am 10.04.2025 angezeigt wurde, haben noch Unbekannte auf die Fahrbahn der Angermünder Straße ein Hakenkreuz geschmiert. Wer sich da betätigte und welche Motivation diejenigen hatten, ermittelt nun der Polizeiliche Staatsschutz.",https://polizei.brandenburg.de/pressemeldung/hakenkreuz-geschmiert/5560640
"Erkner, Oder-Spree",52.4259804,13.7542811,"Am Abend des 08.04.2025 gerieten drei Männer, die an der Spree ihre Angeln ausgeworfen hatten, aus noch ungeklärter Ursache in einen Streit. Der eskalierte schließlich derart, dass zwei der Beteiligten auf ihren 38-jährigen Kontrahenten einzuschlagen begannen. Auch als er bereits am Boden lag, wurde wohl noch auf ihn eingeschlagen und -getreten. Der so Malträtierte fand in weiterer Folge in einer nahe gelegenen Tankstelle Zuflucht, deren Mitarbeiter die Polizei alarmierten.
Bei der Nahbereichsfahndung konnten die mutmaßlich Tatverdächtigen noch am Ort der Auseinandersetzung ausgemacht werden. Die 25 und 47 Jahre alten Herren hatten Atemalkoholwerte von 1,99 bzw. 2,3 Promille aufzuweisen. An ihren Kleidungsstücken und Händen fand man Blut. Bei weiteren Recherchen stellte sich heraus, dass sowohl der 25-jährige Ukrainer als auch der 47 Jahre alte Pole bereits zur Festnahme ausgeschrieben waren. Ihnen werden Eigentums- bzw. Betrugsdelikte zur Last gelegt.
Für den Geschädigten endete der Abend in ärztlicher Betreuung. Rettungskräfte brachten den Ukrainer dazu in das Unfallkrankenhaus Berlin.",https://polizei.brandenburg.de/pressemeldung/schlaeger-waren-bereits-zur-festnahme-au/5557901
"Pablo-Neruda-Block, Frankfurt (Oder), Deutschland",52.3365359,14.5466945,"Am 08.04.2025 wurden Polizisten gegen 15:30 Uhr zum Pablo-Neruda-Block gerufen. Kurz zuvor waren dort drei Männer verbal aneinandergeraten. Was den Streit zwischen dem 31-jährigen Marokkaner und seinen 28 bzw. 23 Jahre alten Kontrahenten aus Syrien und Libyen ins Rollen gebracht hatte, muss derzeit noch ermittelt werden.
Bei der Auseinandersetzung erlitt der 28-Jährige eine Verletzung am Oberschenkel, die ihm mutmaßlich mit einem kleinen Küchenmesser zugefügt wurde. Anschließend schlug der tatverdächtige Marokkaner auch noch dem 23-Jährigen mit der Faust ins Gesicht. Der wehrte sich und versetzte seinem Gegenüber ebenfalls Schläge.
Daraufhin flüchtete der Marokkaner, konnte jedoch aufgrund der sehr guten Personenbeschreibung und der Tatsache, dass man es mit keinem polizeilich gänzlich Unbekannten zu tun hatte, in der Alexej-Leonow-Straße ausgemacht und zu Boden gebracht werden. Das Messer fand sich zwar nicht, trotzdem wird nun zum Verdacht der gefährlichen Körperverletzung ermittelt. Der Mann kam zur Verhinderung weiterer Straftaten in polizeilichen Gewahrsam.
Die Verletzung des 28-jährigen Syrers erwies sich als von leichterer Natur und wurde im Klinikum Markendorf behandelt.",https://polizei.brandenburg.de/pressemeldung/polizei-im-einsatz/5557896
"Wiesenau, Oder-Spree",52.2309612,14.5910238,"Die Kriminalpolizei ermittelt gegenwärtig zu einem Geschehen, welches sich am späten Nachmittag des 05.04.2025 nach einem Fußballspiel ereignet haben soll.
Der Schiedsrichter der Begegnung SG Wiesenau II gegen FC Lokomotive Frankfurt (Oder) hatte während der 90 Minuten einem Spieler der gastgebenden Mannschaft die Rote Karte gezeigt. Im Anschluss an die Partie sei der 22-jährige Linienrichter dann auf dem Parkplatz des Vereins von mehreren Personen angegangen worden. Demnach wurde er umhergestoßen und geschlagen. Außerdem habe man den Afghanen rassistisch beleidigt.
Bei ersten Ermittlungen sind erst einmal zwei Tatverdächtige namentlich bekannt gemacht worden. Ob die 40 und 43 Jahre alten Deutschen tatsächlich beteiligt waren und wenn ja, welche Rolle sie bei dem Geschehen spielten, wird nun vom Polizeilichen Staatsschutz zu prüfen sein.",https://polizei.brandenburg.de/pressemeldung/die-kriminalpolizei-ermittelt/5550964
"Kunersdorf, Märkisch-Oderland",52.6691499,14.146715005843241,"Am Vormittag des 07.04.2025 wurden der Polizei Graffitischmierereien gemeldet. In Kunersdorf und in Neutrebbin hatten noch Unbekannte sich an Stromkästen zu schaffen gemacht und dort Werbung für eine rechte Kleinstpartei hinterlassen. Wer sich da betätigte, ermittelt nun die Kriminalpolizei.",https://polizei.brandenburg.de/pressemeldung/ermittlungen-nach-schmierereien/5550957
"Beeskow, Oder-Spree",52.1721569,14.2471058,"Ein Zeuge informierte die Polizei am 03.04.2025 zu einem verfassungsfeindlichen Vorfall. Demnach habe er einen Jugendlichen dabei beobachtet, wie er den Hitlergruß erhoben hat. Gegen den 15-Jährigen laufen nun Ermittlungen des Polizeilichen Staatsschutz wegen des Verdachts des Verwendens von Kennzeichen verfassungswidriger Organisationen.",https://polizei.brandenburg.de/pressemeldung/falsche-geste/5546863
"Prötzeler Chaussee, Strausberg, Märkisch-Oderland",52.59259415867057,13.913225463684334,"Zeugen wandten sich am Nachmittag des 03.04.2025 an die Polizei nachdem ein Mann im Jobcenter in der Prötzeler Chaussee von sich Reden machte. Der Mann war ausfallend gegenüber den Mitarbeitern. Einen Dritten verunglimpfte der Mann bezugnehmend auf seine Hautfarbe. Vor Eintreffen der Polizisten entfernte sich der Mann kam jedoch als die Uniformierten noch die Anzeige aufnahmen stark alkoholisiert zum Ort des Geschehens zurück und führte dafür einen Pkw. Der Mann widersetzte sich den Anweisungen der Beamten wodurch sich eine handfeste Auseinandersetzung zwischen den Beamten und dem 53-Jährigen entfesselte. Die Beamten wurden dabei leicht verletzt, hatten den Mann jedoch schlussendlich in Handfesseln fixiert. Ein Atemalkoholtest brachte ein Ergebnis von 2,05 Promille zum Vorschein. Das hatte zur Folge, dass der Mann eine Blutprobe lassen musste. Der 53-Jährige wird sich nun unter anderem wegen des Verdachts der Beleidung, der Volksverhetzung, des Widerstandes gegen Vollstreckungsbeamte sowie der folgenlosen Trunkenheitsfahrt verantworten müssen.",https://polizei.brandenburg.de/pressemeldung/entgleisung-mit-konsequenzen/5546850
"Kastanienalle, Schwedt/Oder, Uckermark",53.0586366,14.2840858,"Bislang Unbekannte brachten in der Kastanienalle Hakenkreuze auf den Gehweg auf. Die Polizei hat die Symbolik am 03.04.2025 am späten Nachmittag dokumentiert, unkenntlich gemacht und ein Strafverfahren eingeleitet.",https://polizei.brandenburg.de/pressemeldung/verfassungsfeindliche-symbole-/5546821
"Seeweg, Prenzlau, Uckermark",53.30779336859181,13.862114780606886,"Mitarbeiter des Ordnungsamtes wandten sich am 03.04.2025 gegen 16:35 Uhr an die Polizei, nachdem sie eine sechsköpfige Gruppe aus Kindern und Jugendlichen im Alter von 12 bis 17 Jahren an der Freilichtbühne im Seeweg feststellten, die den Song „L’amour toujours“ abspielten und dabei volksverhetzenden Inhalt anstimmten. Die Personen wurden identifiziert und ein Strafverfahren eingeleitet. Anschließend wurden die Minderjährigen an erziehungsberechtigte Personen übergeben. Nun ist die Sache ein Fall für den Polizeilichen Staatsschutz.",https://polizei.brandenburg.de/pressemeldung/falschen-ton-angegeben/5546818
"Landstraße, Fredersdorf, Märkisch-Oderland",52.56417035374534,13.713097383052888,"Am 02.04.2025 informierte das Ordnungsamt Fredersdorf die Polizei über ein festgestelltes Hakenkreuz im Bereich einer Pferdekoppel an der Landstraße. Die bislang noch Unbekannten nutzten hierzu augenscheinlich einen schwarzen Stift, um den weißen Zaun zu verunstalten. Jetzt ermittelt die Kriminalpolizei, wer sich da betätigte.",https://polizei.brandenburg.de/pressemeldung/hakenkreuze-geschmiert-/5544495
"Ufernweg, Schwedt/Oder, Uckermark",53.0586366,14.2840858,Der Polizei wurde am 02.04.2025 gegen 07:45 Uhr Schmierereien im Ufernweg bekannt. Bislang Unbekannte brachten hier mit schwarzer Farbe ein Hakenkreuz auf einen Laternenpfahl auf. Der Polizeiliche Staatsschutz nimmt sich nun der Sache an.,https://polizei.brandenburg.de/pressemeldung/schmiererei/5544449
